coin_slug,price_usd,market_cap_usd,twitter_followers,telegram_users,reddit_subscribers,reddit_accounts_active_48h,reddit_avg_posts_48h,alexa_rank,developer_data_stars,developer_data_subscribers,developer_data_commit_count_4w,cmc_watch_count
bitcoin,36612.0,696704708596.6796,4468442,,3840339,3829,8.25,9440.0,61444,3899,249,2623369.0
ethereum,2401.16,288169517583.2129,2160354,,1218302,1078,6.0,8793.0,35056,2132,50,2411095.0
binance-coin,384.86,64991576767.96757,7436419,,787267,485,5.462,888.0,3582,508,0,1506580.0
tether,0.99931,78282137621.41483,201735,,0,0,0.0,74251.0,0,0,0,660829.0
solana,89.97,28545116947.615803,1386065,95645.0,124249,342,7.1,83508.0,7058,238,422,1306681.0
cardano,1.03,33069767327.43317,807582,,688138,893,7.0,42419.0,3744,458,0,1963213.0
usd-coin,0.998883,49552895762.85861,0,,0,0,0.0,65370.0,261,20,0,156595.0
xrp,0.598576,28777581827.820248,2392487,,345197,216,0.727,23989.0,4062,509,9,1417594.0
polkadot-new,17.86,19412535242.077248,1127992,39318.0,38518,74,2.833,30578.0,5207,455,81,1268286.0
terra-luna,51.84,21000235076.027023,314684,29840.0,27563,184,5.222,206479.0,0,0,0,630837.0
dogecoin,0.139552,18610154826.898315,2946042,,2264984,1573,7.2,145564.0,13738,873,0,1443500.0
avalanche,63.79,15719629958.368143,553630,46442.0,33115,113,3.625,184521.0,1377,117,29,685122.0
shiba-inu,2.088e-05,11527740342.2873,2672027,78170.0,463133,862,5.273,4476531.0,0,0,0,1544015.0
polygon,1.63,11291107931.808477,1204528,25931.0,0,0,0.0,55039.0,429,52,6,1075072.0
crypto-com-coin,0.392056,9956657339.630075,1704453,122001.0,150024,983,9.5,7861.0,326,38,1,591167.0
binance-usd,0.998671,14886850512.736362,28794,,0,0,0.0,82114.0,0,0,0,173764.0
wrapped-bitcoin,36563.0,9968367381.27377,0,,0,0,0.0,168297.0,0,0,0,49582.0
litecoin,106.58,7443673843.428257,207828,,356097,361,0.917,178888.0,4034,532,0,707754.0
uniswap,10.14,4617667690.684491,823429,,60464,69,1.857,3614.0,0,0,0,555912.0
algorand,0.943824,6226915185.571529,230018,43202.0,63519,172,2.5,368912.0,945,58,34,500393.0
tron,0.056444,5772170441.935218,531,82274.0,122226,153,0.545,28670.0,2915,332,29,713939.0
chainlink,15.12,7120456706.463569,735379,41531.0,75791,196,0.7,41366.0,2879,251,235,883560.0
terrausd,0.995948,11245122522.106424,312992,,0,0,0.0,206479.0,0,0,0,43650.0
bitcoin-cash,285.78,5444059693.264645,0,2674.0,780681,413,5.667,999966.0,0,0,0,309310.0
stellar,0.192315,4802000041.25839,729686,,210913,240,0.778,47328.0,2899,278,46,756239.0
multi-collateral-dai,0.996626,9084079028.522182,195532,10125.0,32732,200,0.556,30241.0,0,0,0,105340.0
axie-infinity,46.52,3331040181.987775,878087,70415.0,0,0,0.0,33612.0,0,0,0,494333.0
decentraland,2.23,3415007091.0889134,490925,,81048,236,2.0,87671.0,0,0,0,782444.0
ftx-token,38.27,5330061876.175057,373753,57453.0,0,0,0.0,5253.0,0,0,0,218053.0
filecoin,18.84,2917575749.4057293,136477,,0,0,0.0,36454.0,0,0,0,293605.0
vechain,0.052238,3513719711.236604,552801,38354.0,221393,279,0.846,122046.0,728,157,4,930195.0
elrond-egld,141.87,2917098364.768223,448447,59890.0,14665,26,1.0,50672.0,773,71,0,433965.0
cosmos,28.93,8359858833.0199585,337318,19849.0,56771,187,6.0,86006.0,1050,147,0,529102.0
internet-computer,19.4,3906162382.1302576,465044,44091.0,26174,40,1.222,,187,45,7,324632.0
bitcoin-bep2,36847.0,,0,,0,0,0.0,888.0,0,0,0,28022.0
ethereum-classic,24.58,3277226073.699796,614193,6915.0,63091,176,1.5,183443.0,0,0,0,291303.0
the-sandbox,3.44,3211981611.284731,773024,127922.0,0,0,0.0,77261.0,0,0,0,2151443.0
hedera,0.208833,3963052565.0807824,205504,19911.0,21083,171,4.5,195840.0,0,0,0,371629.0
tezos,2.9,2561458856.9650774,303146,,67817,119,1.909,151590.0,261,261,180,340292.0
fantom,2.06,5274175585.483227,352692,29979.0,31141,127,5.923,110001.0,180,27,0,563634.0
monero,142.46,2589487210.460648,466072,,250680,505,3.0,74604.0,6617,487,13,261111.0
klaytn,1.2,3144398011.46778,92189,,1182,18,0.091,94973.0,227,36,54,78391.0
gala,0.18581,1414052439.8106158,287826,1062.0,0,0,0.0,132222.0,0,0,0,393615.0
loopring,0.959975,1199897448.980874,179573,9458.0,94605,1297,6.417,195654.0,151,54,2,206363.0
iota,0.798211,2230268084.283717,256545,,145327,152,1.0,146906.0,0,0,0,323383.0
bittorrent,0.0026573,2517192710.212149,603791,105314.0,36469,69,1.444,5116.0,0,0,0,521769.0
the-graph,0.410589,2548252894.9903426,205670,25795.0,20864,22,0.5,,1620,79,91,334315.0
eos,2.23,2191647718.4055405,262904,,96915,233,0.071,107742.0,11324,1038,0,363370.0
helium,27.79,2822419394.738181,147057,30960.0,85514,377,10.545,67416.0,0,0,0,251750.0
flow,5.15,1644246153.451137,140957,18443.0,0,0,0.0,,0,0,0,145178.0
pancakeswap,7.03,1865392987.0056188,1439986,88730.0,0,0,0.0,22733.0,0,0,0,549262.0
stacks,1.42,1514654362.849089,107305,13595.0,0,0,0.0,113475.0,1923,179,8,117701.0
bitcoin-sv,87.82,1671121286.2521298,0,,0,0,0.0,585983.0,534,105,0,64805.0
kusama,164.83,1485275031.2471046,223601,,0,0,0.0,173763.0,0,0,0,228161.0
maker,1791.64,1624536139.3097653,195616,,32730,173,0.333,30241.0,0,0,0,140544.0
aave,142.84,1941253036.9750984,415913,15684.0,15121,40,0.0,15890.0,1115,104,0,334950.0
zcash,88.82,1073175560.789719,84837,2382.0,21780,162,0.083,167113.0,4531,393,48,162491.0
ecash,7.088e-05,1346796926.930831,82564,20949.0,5265,12,0.667,,0,0,0,141048.0
amp,0.02910855,1401346208.4876454,43681,4147.0,43734,108,3.0,1976992.0,0,0,0,176267.0
enjin-coin,1.61,1513905641.7651398,480781,68293.0,44687,160,0.692,80924.0,302,34,0,530268.0
quant,94.88,1281464778.9200938,75920,3556.0,11780,49,0.7,302448.0,0,0,0,161603.0
harmony,0.176842,2067832239.6532652,336591,37635.0,50738,173,6.0,160621.0,1370,102,102,445740.0
neo,18.31,1291116299.1077406,433817,,116017,96,0.8,122930.0,3359,389,1,247160.0
thorchain,3.91,1178684273.570022,138907,22861.0,9413,28,0.3,241480.0,0,2,0,195369.0
chiliz,0.174793,939813195.8627234,431074,24615.0,0,0,0.0,325304.0,0,0,0,491170.0
waves,9.71,974858072.1360359,208146,19853.0,60091,157,0.375,213856.0,1130,192,2,123645.0
kadena,5.68,967189015.698568,152674,20646.0,0,0,0.0,401633.0,170,28,18,219857.0
basic-attention-token,0.854019,1286609698.9739404,252279,,86963,213,1.0,21280.0,61,18,29,282921.0
huobi-token,8.64,1356103507.2188818,926420,129534.0,1725,8,0.0,468329.0,0,0,0,97905.0
kucoin-token,15.97,1229777134.6342094,1462950,,109871,263,7.364,6511.0,0,0,0,147632.0
holo,0.00433256,773378034.1581343,112858,10968.0,26390,20,0.1,291383.0,1037,125,0,341281.0
curve-dao-token,2.79,1104582198.3743942,259143,16549.0,0,0,0.0,14362.0,615,47,0,182292.0
okb,20.45,5391708221.745734,0,2460.0,0,0,0.0,4137.0,0,0,0,55058.0
dash,93.35,989664393.884766,423927,4512.0,44002,65,0.615,75926.0,1425,215,0,210879.0
arweave,30.73,1544033457.5121322,56474,5391.0,0,0,0.0,296616.0,0,0,0,134550.0
celo,3.06,1190499747.3782747,123393,7715.0,0,0,0.0,110136.0,346,68,18,155197.0
trueusd,0.997936,1484869676.6546407,22869,4484.0,0,0,0.0,223259.0,258,33,0,21684.0
nexo,1.8,1012640071.5574075,179395,37284.0,28239,94,2.0,13414.0,85,21,0,91480.0
theta-fuel,0.180649,1886178773.9046779,243095,13121.0,27509,75,1.6,80855.0,0,0,0,140342.0
iotex,0.074193,707555263.8673979,218982,34178.0,17158,34,0.636,410113.0,0,0,0,246167.0
nem,0.096622,871683890.3630004,376519,,0,0,0.0,134230.0,97,41,0,158351.0
compound,121.84,800428046.2598878,215497,,0,0,0.0,21444.0,1135,71,0,188724.0
decred,59.08,811127214.5825192,51234,3111.0,12523,140,0.083,350460.0,623,81,15,49584.0
wax,0.299292,576579960.2903142,241939,14993.0,7442,25,0.667,29879.0,0,0,0,146678.0
voyager-token,1.74,,136712,5358.0,10423,39,0.667,205091.0,0,0,0,73312.0
qtum,5.66,591486201.4604136,272348,,17665,24,0.0,161930.0,1140,197,0,137806.0
paxos-standard,0.999206,1031986051.8359603,0,,0,0,0.0,82114.0,95,32,0,22569.0
immutable-x,2.66,505417833.0674052,189796,20913.0,5100,18,1.111,,0,0,0,120282.0
omg,4.4,620558122.7608455,7026,2628.0,6579,17,0.0,105290.0,107,22,0,148547.0
ravencoin,0.06639,695991701.0366505,86125,20129.0,62228,123,2.222,226414.0,961,209,0,191698.0
xinfin,0.061924,759086576.3130748,82690,7364.0,8049,25,0.3,2039520.0,0,0,0,102741.0
ankr,0.070826,579410620.1282412,157884,18516.0,0,0,0.0,5272.0,18,24,0,194614.0
oasis-network,0.307468,1081903599.6284657,125324,59774.0,7807,25,1.375,,0,0,0,217626.0
audius,0.863361,449235445.58157647,126723,,9203,23,1.625,74005.0,0,0,0,166905.0
siacoin,0.00990711,496995435.51234734,146867,,51003,167,0.111,144998.0,43,8,4,197204.0
apenft,1.97e-06,545617410.2276527,234346,,0,0,0.0,,0,0,0,193886.0
bitcoin-gold,29.47,516356120.04854715,105836,,0,0,0.0,374330.0,619,143,0,63852.0
horizen,38.13,455629492.4403576,133273,4933.0,9154,27,0.444,249437.0,99,33,3,69476.0
icon,0.684773,486767695.9647898,161034,12548.0,34827,46,0.417,259128.0,74,25,0,124142.0
revain,0.00524188,2533388.7496954994,20812,7876.0,1810,116,0.25,215704.0,0,1,0,94808.0
livepeer,24.75,618729431.9603171,25433,4398.0,2426,13,0.2,599726.0,156,10,1,77196.0
zilliqa,0.04415392,615354633.6817522,384957,23807.0,40477,190,0.545,66653.0,1065,120,18,308089.0
renbtc,36579.0,660788510.6340829,112707,9258.0,6534,18,0.0,94247.0,115,20,11,8614.0
yearn-finance,23257.0,836508709.3646863,178494,15283.0,8291,15,0.875,9390.0,50,11,0,144995.0
bora,1.02,,17191,2161.0,449,8,0.0,246472.0,0,0,0,20812.0
0x,0.522927,443925544.8946627,253012,1949.0,20934,131,0.143,88488.0,1378,83,0,122909.0
telcoin,0.00757735,465928292.6371547,92649,28346.0,18666,141,0.4,593193.0,11,7,0,151547.0
swissborg,0.570359,547302122.7659584,103442,6847.0,11171,18,0.4,91773.0,122,90,0,64642.0
nervos-network,0.01440932,429546371.20185673,83421,19991.0,16552,61,1.75,324304.0,944,70,50,104080.0
velas,0.240097,544374420.1047065,113241,44971.0,0,0,0.0,116793.0,0,0,0,453370.0
gnosis-gno,256.35,480064325.6326586,115789,,2471,19,0.0,465792.0,64,11,0,40482.0
secret,5.54,897783466.1367239,141498,16655.0,0,0,0.0,408987.0,315,38,7,101789.0
perpetual-protocol,5.57,355522135.4348412,37198,5690.0,0,0,0.0,181777.0,0,0,0,186454.0
uma,5.6,368518089.0781268,53721,,0,0,0.0,96214.0,263,25,60,69312.0
dogelon,8.7604e-07,491711116.0222654,524672,90974.0,43041,126,8.778,,0,0,0,1313552.0
ontology,0.460032,401849645.0175298,186519,25952.0,21095,151,0.364,254257.0,774,122,1,132096.0
raydium,3.57,292511202.0580401,281517,26690.0,0,0,0.0,,0,0,0,112012.0
dydx,5.76,458926368.3766901,110594,,2705,12,0.0,,0,0,0,92654.0
hive-blockchain,0.880781,326993876.742166,32539,3954.0,201,8,0.0,151628.0,0,0,0,42243.0
storj,1.08,156063592.7215771,114021,1662.0,14866,23,0.0,88505.0,2200,110,75,72298.0
iostoken,0.02346174,541037857.0486171,271491,17241.0,53972,133,0.0,285910.0,548,97,0,114889.0
neutrino-usd,0.979244,512858733.45686495,9915,1214.0,0,0,0.0,302754.0,0,0,0,5650.0
ren,0.320177,321138717.6953365,112883,9259.0,1248,6,0.0,94247.0,0,0,0,137687.0
ocean-protocol,0.53789,234513248.67071027,145787,6136.0,4456,17,0.111,73952.0,0,0,0,139352.0
digibyte,0.02183638,331470026.96474594,238866,17424.0,44619,179,0.444,238709.0,67,36,0,163550.0
nucypher,0.446719,292132899.92104864,0,41343.0,9615,16,0.1,146265.0,0,0,0,61797.0
nano,2.47,327927868.3517629,149772,9000.0,120296,279,2.5,313412.0,3381,275,25,144776.0
serum,2.15,287872376.40913904,187834,13691.0,0,0,0.0,73913.0,0,0,0,122888.0
kava,3.19,474806247.0755671,148390,19485.0,0,0,0.0,84165.0,335,34,24,93329.0
wink,0.00030097,290534230.5679048,76469,17450.0,13802,8,0.0,59175.0,0,0,0,193507.0
golem-network-tokens,0.339864,340373483.5174332,164148,,21783,27,0.077,453903.0,4,6,0,35905.0
request,0.215918,168065029.19371736,59966,,31660,145,0.0,345148.0,119,33,0,42658.0
polymath-network,0.374382,338847011.33065104,64768,11218.0,8566,138,0.091,340645.0,298,75,0,49391.0
zel,1.52,344212351.58621925,63025,409.0,3984,25,0.625,745693.0,44,20,2,83309.0
just,0.04075706,298857242.1183743,56898,14387.0,0,0,0.0,156179.0,0,0,0,35634.0
gatetoken,6.41,1008526324.6109959,0,,0,0,0.0,910083.0,0,0,0,46057.0
moonriver,74.32,213963821.06949148,98403,39348.0,8104,29,1.3,,591,45,54,120514.0
ultra,0.998686,271148889.84298116,65870,15306.0,1315,7,0.0,364410.0,0,0,0,130750.0
fei-usd,0.996806,540565201.1032174,36005,6947.0,0,0,0.0,,0,0,0,7447.0
injective-protocol,4.22,206400485.4814371,99828,15298.0,4516,12,0.125,178085.0,0,0,0,87801.0
celer-network,0.04879466,276537298.6890858,106159,26189.0,5440,11,0.375,342979.0,0,0,0,102449.0
wootrade,0.582121,520606418.2905459,70970,10402.0,0,0,0.0,769819.0,0,0,0,49214.0
syscoin,0.789188,502776522.16723794,127307,10780.0,7227,141,0.818,330848.0,148,52,0,114400.0
fetch,0.3069,212688717.19759834,92319,14455.0,7366,17,1.3,294127.0,36,12,2,102079.0
origintrail,0.587129,215781761.56615013,43222,6170.0,11755,23,0.0,469364.0,134,32,0,36167.0
digitalbits,0.311555,237920853.12746605,18088,5429.0,0,0,0.0,1952924.0,0,2,0,12309.0
wazirx,0.785373,359895186.6036088,543290,251792.0,0,0,0.0,9361.0,0,0,0,76665.0
function-x,0.595692,270514036.4533247,17997,6524.0,0,0,0.0,1293978.0,0,0,0,10659.0
dent,0.0025328,242648732.9669169,129517,19515.0,0,0,0.0,551037.0,0,0,0,196729.0
mdex,0.228143,192159970.0387917,35927,88115.0,0,0,0.0,,0,0,0,174379.0
cartesi,0.445916,231997617.053987,68058,20848.0,6956,14,0.3,456815.0,20,9,0,84345.0
chromia,0.510879,292174093.9497787,140553,16501.0,2007,12,0.125,747411.0,0,0,0,103653.0
lisk,1.75,254634679.97140458,203908,,33699,28,0.182,209509.0,2764,217,119,50884.0
dvision-network,0.640076,158457984.37338507,131299,40427.0,0,0,0.0,649819.0,0,0,0,170551.0
pax-gold,1799.76,342848365.9312604,28794,,0,0,0.0,82114.0,0,0,0,27053.0
husd,1.0,279571828.5026234,5873,,0,0,0.0,656213.0,0,0,0,7178.0
energy-web-token,5.79,233615119.58078784,53849,7874.0,4054,51,0.4,180748.0,0,0,0,63246.0
medibloc,0.03933521,213158237.8995123,21252,1722.0,1502,15,0.0,515805.0,7,6,0,15845.0
verge,0.00958823,158934923.445415,336470,,55620,163,0.0,388389.0,1375,285,5,104254.0
swipe,1.3,252947882.3004072,50613,2007.0,0,0,0.0,79111.0,0,0,0,143203.0
polkastarter,1.5,132914210.29095246,622496,116024.0,0,0,0.0,221101.0,0,0,0,186273.0
vethor-token,0.00362401,163205364.20772338,551655,38350.0,221393,257,1.0,122046.0,727,156,3,104424.0
coti,0.286595,249594092.84238434,222133,30018.0,10232,21,0.0,173019.0,0,0,0,184206.0
bitcoin-diamond,0.867341,163707521.76257303,36072,9526.0,0,0,0.0,3884204.0,106,36,0,39722.0
nkn,0.193758,126280969.00885752,37961,6376.0,4648,12,0.0,337822.0,53,10,0,53307.0
status,0.04759763,185522879.39252603,146734,,6302,15,0.0,157993.0,3343,184,28,38010.0
origin-protocol,0.30974,126151168.03467909,134431,27748.0,7648,17,0.25,210408.0,633,69,0,100789.0
divi,0.059141,160118378.13170004,41946,4946.0,7403,21,0.333,527892.0,0,0,0,13423.0
stormx,0.01394662,130627414.9211095,81637,9986.0,5826,14,0.0,269523.0,0,0,0,82900.0
ardor,0.170077,170185203.12666237,76564,,7453,145,0.364,1570658.0,11,11,1,23702.0
unibright,0.75409,112914465.42880389,25292,6245.0,3371,13,0.1,706738.0,0,0,0,29690.0
civic,0.240085,161581535.95537776,117740,5277.0,10259,126,0.0,225858.0,0,0,0,51225.0
conflux-network,0.112202,146354350.49515507,48210,8951.0,2251,1,0.0,205856.0,0,0,0,28821.0
rlc,1.79,127711704.21008244,54067,4709.0,8500,135,0.1,679095.0,401,41,0,47796.0
mx-token,1.65,167339427.74526867,378135,134773.0,0,0,0.0,1096.0,0,0,0,23045.0
ontology-gas,0.599316,,186455,25952.0,21095,145,0.286,254257.0,0,6,0,19714.0
hex,0.182448,,64559,38382.0,19098,99,2.556,21315.0,0,0,0,87280.0
radix-protocol,0.161753,1578146145.3843863,127906,19080.0,7191,23,0.429,,0,0,0,14263.0
wbnb,386.56,,0,,0,0,0.0,12721.0,0,0,0,13036.0
huobi-btc,36596.0,1464296049.9947917,918479,129558.0,0,0,0.0,5034368.0,0,0,0,3905.0
symbol,0.161671,,376585,34242.0,0,0,0.0,,0,0,0,27265.0
frax,0.996176,2626494445.3467073,33300,9189.0,0,0,0.0,,0,0,0,6039.0
youcash,0.133472,,5465,2159.0,1733,7,0.0,494970.0,0,0,0,4943.0
defichain,2.49,,45438,9306.0,5771,28,1.375,360669.0,0,0,0,33325.0
link,110.84,660248032.8941243,3687,,0,0,0.0,573992.0,0,0,0,15201.0
creditcoin,1.24,,143,2084.0,0,0,0.0,0.0,0,0,0,5963.0
mobilecoin,4.46,,0,,0,0,0.0,,0,0,0,20033.0
bitdao,1.48,,32478,,251,3,0.0,,0,0,0,44785.0
convex-finance,23.02,1109058811.313621,35889,4226.0,0,0,0.0,,80,5,28,27161.0
safemoon,5.05066e-07,277800682.8430044,1395758,164117.0,305099,1060,9.0,,618,84,0,557721.0
ecomi,0.00744901,4353918736.93284,166688,41409.0,0,0,0.0,4557614.0,0,0,0,172189.0
ethereum-name-service,17.19,396385080.2376911,151124,,0,0,0.0,,0,0,0,54451.0
rally,0.215191,486784275.7450794,35037,,0,0,0.0,147522.0,0,0,0,39884.0
illuvium,547.27,350030316.4710335,259399,20063.0,0,0,0.0,,0,0,0,158329.0
sologenic,0.488469,,171673,63078.0,6031,47,2.667,1252833.0,0,0,0,3631790.0
liquity-usd,1.01,490024826.7450792,25453,,414,4,0.0,,0,0,0,2969.0
render-token,2.51,391345901.23116237,51340,8731.0,4622,13,0.333,456807.0,0,0,0,65981.0
the-transfer-token,6.59,,4698,456.0,69,9,0.0,3758289.0,0,0,0,3748.0
bloktopia,0.03003208,,336915,119408.0,0,0,0.0,,0,0,0,246606.0
whitecoin,0.565514,,11911,106751.0,2341,13,0.0,1246807.0,20,8,0,4826.0
radio-caca,0.00184024,340266685.78865427,547277,170925.0,2371,10,0.167,,0,0,0,11597057.0
anchor-protocol,1.34,288586505.38785994,141267,14040.0,0,0,0.0,,0,0,0,40572.0
ufo-gaming,9.09e-06,236115098.46775463,132127,30015.0,0,0,0.0,,0,0,0,182720.0
superfarm,0.642137,185790797.61544842,243605,63793.0,0,0,0.0,,0,0,0,89370.0
rocket-pool,26.38,428701264.78013915,19888,,6003,19,0.4,345936.0,650,77,0,9506.0
jasmy,0.04584886,218228744.39272034,49104,9273.0,0,0,0.0,,0,0,0,48430.0
alitas,17.49,,46978,22127.0,0,0,0.0,,0,0,0,16776.0
tribe,0.68109,310300717.47719926,36005,6947.0,0,0,0.0,,133,21,437,17477.0
yooshi,4.48883e-07,,224254,93724.0,0,0,0.0,,0,0,0,134962.0
mobox,2.57,279423347.991815,264435,74628.0,8470,10,0.0,,0,0,0,2097983.0
star-link,1.688e-05,168860478.23228148,75707,18108.0,0,0,0.0,,0,0,0,112174.0
rmrk,16.55,158190011.2388969,51191,6965.0,0,0,0.0,,52,18,4,87637.0
boba-network,1.62,256893886.73351452,355011,10205.0,0,0,0.0,,0,0,0,17230.0
hyperdao,0.01903554,,21915,32591.0,0,0,0.0,2063452.0,0,0,0,5944.0
glitzkoin,0.148282,,1174,850.0,267,7,0.0,1927742.0,0,0,0,2072.0
coin98,1.55,287954187.35281444,330982,41373.0,0,0,0.0,,0,0,0,3790392.0
braintrust,3.65,,141015,59376.0,0,0,0.0,,8,6,0,14616.0
yield-guild-games,2.87,254001332.56347856,160925,31396.0,0,0,0.0,,0,0,0,68994.0
keep-network,0.400088,221552057.18000722,31592,6088.0,3710,10,0.111,175208.0,86,18,80,45615.0
persistence,3.25,254592851.20828843,35041,13337.0,2010,7,0.556,,15,4,12,16368.0
orbit-chain,0.289973,,8726,1376.0,0,0,0.0,88402.0,0,0,0,6980.0
bitpanda-ecosystem-token,0.875939,,73549,4047.0,5611,19,0.333,12271.0,0,0,0,12921.0
dao-maker,2.56,176339165.76066574,229470,43897.0,0,0,0.0,,0,0,0,51956.0
playdapp,0.899296,272646237.36952454,20374,6985.0,0,0,0.0,,0,0,0,18369.0
mask-network,5.69,258288095.51262447,71284,11189.0,986,7,0.0,,0,0,0,29522.0
anyswap,19.71,363933858.6896485,997,17151.0,0,0,0.0,249824.0,0,0,0,27219.0
frax-share,22.72,814032560.5945386,33300,9190.0,0,0,0.0,,0,0,0,16601.0
bonfida,1.7,83626050.39476551,71557,9136.0,0,0,0.0,,0,0,0,16817.0
insure,0.0058449,154848465.5733411,12733,13538.0,0,0,0.0,2264716.0,0,0,0,28641.0
wilder-world,1.45,121841761.69092049,99563,17213.0,0,0,0.0,,0,0,0,85833.0
seedify-fund,5.89,134260684.66843185,507796,81671.0,5865,8,0.0,,0,0,0,116318.0
joe,1.07,172906637.7388164,123217,11217.0,0,0,0.0,,0,0,0,66084.0
trust-wallet-token,0.502006,174881405.9494076,1649873,591816.0,65207,33,0.0,14935.0,0,0,0,106484.0
mines-of-dalarnia,0.726851,,123915,25228.0,770,2,0.0,,0,0,0,226585.0
hathor,0.621187,141380682.84300223,66598,14407.0,2755,13,0.0,220038.0,0,0,0,63520.0
hedgetrade,0.550431,,5410,805.0,0,0,0.0,80168.0,5,4,0,9538.0
star-atlas,0.04973411,107797965.58583097,299597,44555.0,8637,16,0.111,,0,0,0,307380.0
rari-governance-token,19.69,218052790.06886247,47953,1792.0,0,0,0.0,392762.0,0,0,0,19320.0
babyswap,0.356763,255347.76396907217,259647,139918.0,0,0,0.0,,0,0,0,921518.0
centrality,0.115046,,13079,,0,0,0.0,950696.0,0,0,0,6088.0
pirate-chain,0.724221,137684658.80588603,18184,10378.0,5678,15,0.545,1007506.0,67,16,0,23214.0
kardiachain,0.04010189,130590376.87129511,151462,52976.0,6875,9,0.0,441629.0,0,0,0,44835.0
biswap,0.56164,102483650.28035118,235725,89328.0,0,0,0.0,,0,0,0,3944188.0
safepal,0.779568,84832403.46621706,461123,105245.0,0,0,0.0,,0,0,0,55877.0
humanscape,0.235016,,5550,1828.0,98,6,0.0,398570.0,4,5,0,6941.0
mango-markets,0.150968,154719471.66971672,75076,,0,0,0.0,,98,12,0,18856.0
sapphire,0.389463,307235615.26027334,860,80.0,0,0,0.0,2027070.0,0,0,0,4331.0
electroneum,0.00691054,124107732.72602129,138000,23452.0,28733,20,0.0,52777.0,378,93,0,47992.0
alien-worlds,0.104981,130968845.36169253,116592,29216.0,0,0,0.0,,0,0,0,144190.0
radicle,5.1,163157405.23087788,27144,,0,0,0.0,,0,0,0,20683.0
ampleforth,0.879381,115366042.13139388,36326,9602.0,0,0,0.0,72590.0,217,19,0,27835.0
aelf,0.324935,149842266.72572216,58017,13690.0,33577,15,0.0,429697.0,762,160,0,26323.0
alchemy-pay,0.03706146,144760575.54121128,100429,85934.0,0,0,0.0,1074784.0,0,0,0,43674.0
prometeus,9.4,155460352.144331,16989,7728.0,0,0,0.0,1035153.0,0,0,0,18576.0
circuits-of-value,0.060179,108121351.42626488,14323,2521.0,1170,4,0.143,2842237.0,0,2,0,11292.0
merit-circle,2.1,169751665.30004343,93075,8682.0,0,0,0.0,,0,0,0,34230.0
zelwin,1.21,,38498,,0,0,0.0,567643.0,0,0,0,2342.0
orbs,0.062382,179971687.25845227,51465,2471.0,0,0,0.0,405943.0,0,0,0,14143.0
phantasma,1.71,179151352.350489,40891,9513.0,2510,15,0.667,842404.0,72,21,0,58384.0
everscale,0.294301,269502929.7880773,18299,6697.0,1257,2,3.125,112855.0,0,0,0,5800.0
venus-btc,740.68,,144086,23614.0,0,0,0.0,,0,0,0,2298.0
numeraire,27.08,160469411.3354477,33028,,3781,16,0.083,1263517.0,147,19,0,38594.0
hxro,0.35241,153726689.8007288,7761,643.0,0,0,0.0,196493.0,0,0,0,7108.0
gods-unchained,2.2,74533003.28837259,87155,,19806,181,7.875,,0,0,0,48308.0
mirror-protocol,1.14,155915735.04002333,91729,14206.0,0,0,0.0,,0,0,0,56436.0
alchemix,153.69,164444899.98875225,59335,,0,0,0.0,,0,0,0,19619.0
stratis,0.972173,129782067.60780524,161622,,11166,21,0.1,361194.0,41,23,0,29014.0
safe,6.18,,476,556.0,283,10,0.0,3050745.0,44,22,0,3354.0
augur,12.53,86749465.95893075,160111,,12079,138,0.0,142308.0,596,98,0,37386.0
telos,0.562769,143255041.60083175,64032,25746.0,20468,9,0.6,607311.0,0,0,0,39730.0
beta-finance,0.372309,95728778.96151093,54499,11648.0,0,0,0.0,,0,0,0,23800.0
akash-network,1.44,183950594.59043294,64887,15147.0,4651,10,0.0,321909.0,584,41,6,44985.0
tether-gold,1789.66,404986621.62248147,2617,,0,0,0.0,74251.0,0,0,0,3487.0
constellation,0.150705,378795241.3001025,50865,13224.0,3746,13,0.2,0.0,126,42,3,67009.0
idex,0.117066,74702353.77760537,77161,6722.0,1994,7,0.0,42702.0,34,16,0,27996.0
band-protocol,3.47,144209201.91001087,121680,9169.0,6444,16,0.077,283942.0,219,20,0,103014.0
veritaseum,82.97,178952624.93588498,11550,,5355,7,0.0,0.0,5,12,0,5047.0
vectorspace-ai,2.43,92633897.76194584,16685,6427.0,2396,11,0.083,1182345.0,0,0,0,32200.0
redfox-labs,0.062856,91118837.52085517,35618,6488.0,0,0,0.0,800626.0,0,0,0,57417.0
c20,3.04,101907548.12873344,8013,488.0,0,0,0.0,268972.0,59,37,0,4678.0
sovryn,5.65,117863750.51992707,45130,8423.0,2185,9,0.3,,49,20,13,9489.0
venus,8.45,100425973.4758942,144035,23613.0,0,0,0.0,200025.0,151,29,4,67006.0
molecular-future,0.00212227,,10065,,0,0,0.0,2796665.0,0,0,0,8765.0
steem,0.297841,117990240.21158224,15124,,3950,8,0.0,210880.0,1923,230,0,34608.0
mvl,0.00823816,,13039,1676.0,0,0,0.0,906376.0,1,4,0,9250.0
radix,0.160561,636932682.4503658,127917,19071.0,7192,18,0.375,,0,0,0,26530.0
singularitynet,0.130452,127234100.6757532,72257,12754.0,0,0,0.0,144801.0,0,0,0,66673.0
tomochain,1.16,101128414.5049323,69935,9916.0,2396,16,0.0,115603.0,107,23,0,43719.0
badger-dao,9.75,97245058.52519137,43706,6549.0,0,0,0.0,,0,0,0,34958.0
orion-protocol,4.23,145310619.04017764,94833,16899.0,0,0,0.0,222289.0,0,0,0,57807.0
somesing,0.04084291,,13774,2455.0,0,0,0.0,554430.0,0,0,0,2196.0
titanswap,1.36,136727532.4078477,11042,3822.0,0,0,0.0,1137772.0,0,0,0,5917.0
bloomzed-token,4.32,,465,107.0,0,0,0.0,7197067.0,0,0,0,1579.0
aavegotchi,1.98,122496654.54466656,91682,11102.0,0,0,0.0,179954.0,0,0,0,46878.0
xsgd,0.735132,210916962.52236843,7066,,0,0,0.0,156304.0,15,58,0,1907.0
ark,0.831013,135937527.21296594,77176,2308.0,24369,29,0.0,105544.0,311,36,11,26693.0
ergo,3.5,174537249.85241914,51925,15361.0,19391,62,1.417,734986.0,369,42,119,75085.0
aragon,5.26,201468867.69388446,98968,,3546,22,0.0,92172.0,564,52,0,39290.0
api3,3.76,178130726.93315113,36653,9020.0,2096,11,0.857,,93,16,114,44835.0
rsk-infrastructure-framework,0.115451,94641210.45531814,56487,3510.0,3579,7,0.111,760253.0,0,0,0,15163.0
dawn-protocol,1.68,122117502.89238565,8179,1172.0,0,0,0.0,8151511.0,0,0,0,5331.0
venus-eth,48.54,,144086,23614.0,0,0,0.0,,0,0,0,2334.0
maidsafecoin,0.335202,152027067.58816805,51195,1447.0,2551,131,0.0,2642931.0,172,39,0,8730.0
verasity,0.01883563,85194403.61747916,236205,37257.0,18603,39,0.889,,0,0,0,320564.0
bscpad,0.965772,76612343.99884585,0,129882.0,0,0,0.0,,0,0,0,34351.0
kin,3.796e-05,65015355.81735436,51142,5543.0,25887,177,1.0,329894.0,0,0,0,67186.0
sport-and-leisure,0.143756,35537363.74266806,1020,1445.0,0,0,0.0,436391.0,0,0,0,4039.0
rakon,0.409977,,0,123.0,0,0,0.0,9105843.0,0,0,0,3209.0
linear,0.0224759,73235368.13798256,55997,10216.0,0,0,0.0,216708.0,0,0,0,66927.0
uquid-coin,8.44,84668787.62921731,56954,9994.0,974,3,0.0,2172715.0,0,1,0,299382.0
keep3rv1,973.13,333159214.0798597,17458,,0,0,0.0,135382.0,0,0,0,22978.0
solanium,1.13,64886768.62306134,595708,555209.0,0,0,0.0,,0,0,0,54177.0
qredo,2.28,92391639.9300722,49233,13583.0,0,0,0.0,,0,0,0,42069.0
terra-virtua-kolect,0.117937,51290943.660400696,103676,15076.0,0,0,0.0,,0,0,0,68337.0
truefi-token,0.185808,106553483.70776506,37200,,0,0,0.0,,0,0,0,24330.0
ellipsis,0.154411,89726688.52567936,29779,6953.0,0,0,0.0,,0,0,0,33054.0
clover,0.322489,84749134.64947967,115437,68925.0,0,0,0.0,,0,0,0,53004.0
star-atlas-polis,2.67,57667255.841704175,299597,44555.0,8637,18,0.429,,0,0,0,73172.0
centrifuge,0.636493,,52359,18127.0,0,0,0.0,,0,0,0,31201.0
gitcoin,6.91,98537395.32316981,87570,,1965,7,0.0,,0,0,0,23997.0
enzyme,53.69,78056414.40228309,32093,2769.0,616,5,0.0,267251.0,0,0,0,19905.0
quarkchain,0.01487199,98966960.00344351,79009,11325.0,9631,10,0.091,96511.0,199,41,1,23219.0
metal,1.4,90818185.31573425,65927,3138.0,4516,144,0.1,376540.0,0,0,0,24938.0
metadium,0.067765,114608215.55795205,1218,2903.0,258,9,0.0,2373437.0,7,2,0,10412.0
gemini-dollar,0.995286,172920807.34827566,259,,0,0,0.0,10726.0,62,13,0,7433.0
proton,0.01019774,92068701.65826914,35627,13581.0,5829,20,0.7,1543153.0,0,0,0,50682.0
derace,1.7,50099108.37431532,174270,,0,0,0.0,,0,0,0,226556.0
gamefi,63.32,,555583,177172.0,0,0,0.0,,0,0,0,105469.0
dero,6.99,78024016.76132812,9600,3684.0,1731,10,0.0,1060810.0,41,16,0,12263.0
deeper-network,0.09885,,43313,14479.0,4403,18,0.625,,37,7,16,18404.0
trustswap,1.0,79003218.02831486,65575,12082.0,0,0,0.0,87984.0,0,0,0,39921.0
defi-pulse-index,177.69,83864746.68325694,41012,,0,0,0.0,63965.0,0,0,0,10057.0
funtoken,0.00959637,101852793.92868327,27854,19140.0,558,7,0.0,386328.0,0,0,0,41269.0
mxc,0.087246,213790255.80530155,21931,12148.0,1672,12,0.0,795739.0,0,0,0,17321.0
binaryx,19.79,,96773,50321.0,0,0,0.0,,0,0,0,873750.0
zb-token,0.168426,12478677.22254297,38461,11139.0,0,0,0.0,2515.0,0,0,0,3988.0
wanchain,0.407833,79011408.54200341,131641,9499.0,17421,132,0.125,471269.0,278,71,0,40289.0
syntropy,0.140587,67851145.87050761,37670,10946.0,947,9,0.0,935660.0,0,0,0,33086.0
aurory,9.07,86338549.81084357,179387,13940.0,0,0,0.0,,0,0,0,41445.0
poa,0.00418762,775095.0208478298,21266,2574.0,0,0,0.0,168138.0,68,10,0,7684.0
utrust,0.233578,107721246.2484925,100613,10933.0,4304,125,0.0,120780.0,0,0,0,61726.0
zenon,7.64,257245207.17712954,13547,26960.0,0,0,0.0,1467182.0,0,0,0,6496.0
everipedia,0.00910112,90633179.32787584,123585,5982.0,3848,15,0.3,22349.0,149,37,0,17562.0
deapcoin,0.04827846,221496908.6656188,22771,8549.0,0,0,0.0,1923800.0,0,0,0,21146.0
propy,2.4,139067957.8285779,24077,3083.0,0,0,0.0,311754.0,0,0,0,17113.0
allianceblock,0.34491,119719800.61773062,42365,10910.0,0,0,0.0,401698.0,0,0,0,37659.0
gxchain,1.5,112961546.0570823,95333,53039.0,27122,12,0.0,441623.0,228,38,0,16825.0
superrare,0.452968,65915374.00566137,261116,12122.0,3321,6,0.125,,0,0,0,19210.0
whale,7.19,52766490.95552673,78964,,0,0,0.0,579299.0,0,0,0,9286.0
smooth-love-potion,0.01010509,304192158.0933589,877490,,99406,389,4.2,33612.0,0,0,0,227179.0
strike,28.61,90072551.94494534,12554,4026.0,0,0,0.0,,0,0,0,5251.0
decentral-games,0.326555,121830911.73048908,77210,7349.0,0,0,0.0,,0,0,0,
derivadao,2.37,62441280.47261543,9364,1922.0,183,7,0.0,,0,0,0,
arpa-chain,0.063092,62073240.71449152,57670,11042.0,0,0,0.0,1251895.0,0,0,0,
peakdefi,0.084989,107864945.89184478,18078,14161.0,0,0,0.0,2079245.0,0,0,0,
lcx,0.095707,53613390.157197304,65980,15983.0,0,0,0.0,171809.0,0,0,0,
phala-network,0.240721,56212575.21558839,118003,30884.0,0,0,0.0,409178.0,0,0,0,
ethernity-chain,4.78,54198761.39255381,113760,51120.0,0,0,0.0,,0,0,0,
dusk-network,0.629915,250951664.22904268,41597,10606.0,14298,16,0.0,1043988.0,73,20,66,
cyclub,0.04542143,,0,2010.0,0,0,0.0,964019.0,0,0,0,
dkargo,0.084859,,0,2365.0,0,0,0.0,1243621.0,0,0,0,
stasis-euro,1.12,116928331.00603454,17049,7687.0,0,0,0.0,1507482.0,10,2,0,
handshake,0.200618,92671803.26412642,21974,1031.0,3233,10,0.091,273862.0,1524,84,9,
taboo-token,0.00360463,35389441.78645135,24967,9076.0,974,9,0.1,,8,2,0,
boson-protocol,0.953652,63066391.88786877,67892,18698.0,0,0,0.0,,0,0,0,
klever,0.02381025,125294173.973951,266619,60627.0,0,0,0.0,114019.0,0,0,0,
chimpion,2.03,,1442,214.0,63,3,0.0,2879115.0,0,0,0,
adventure-gold,0.81178,62652861.864990786,71838,,0,0,0.0,,0,0,0,
susd,0.989377,95876233.09904207,185896,11257.0,8689,24,0.25,37543.0,726,49,15,
mixmarvel,0.01155098,59596464.30624447,33797,19899.0,0,0,0.0,1473042.0,0,0,0,
balancer,11.57,125661185.36870801,120330,,0,0,0.0,64391.0,246,33,0,
samoyedcoin,0.02229573,72181993.28666422,69566,6964.0,4650,17,1.0,,0,0,0,
irisnet,0.065139,78492944.67267987,34957,7200.0,0,0,0.0,481390.0,0,0,0,
define,1.47,,23347,6624.0,0,0,0.0,,0,0,0,
bitshares,0.02309113,62712774.43180534,8183,,7519,22,0.0,94225.0,1145,164,0,
bzx-protocol,0.108751,42167921.53837012,1067,6952.0,0,0,0.0,85173.0,0,0,0,
celo-dollar,1.0,99383286.41655959,123765,729.0,7170,17,0.2,,0,0,0,
shiden-network,0.929246,47971017.39827358,49954,26028.0,0,0,0.0,,433,47,7,
aioz-network,0.197951,75228515.3618657,72838,17302.0,0,0,0.0,,0,0,0,
komodo,0.489873,63868571.18952804,118124,,10022,138,0.091,275765.0,0,0,0,
venus-usdc,0.0213482,,144086,23614.0,0,0,0.0,,0,0,0,
xdai,0.997777,,2164,226.0,0,0,0.0,,17,7,70,
lto-network,0.197997,59017812.74594388,23023,16649.0,6176,19,0.4,1429266.0,0,0,0,
yearn-finance-ii,2265.93,90372930.17393158,19297,9504.0,0,0,0.0,71930.0,0,0,0,
troy,0.00606146,11610001.41658612,230445,130296.0,0,0,0.0,1151989.0,0,0,0,
ampleforth-governance-token,5.13,44627840.66281514,36323,9603.0,0,0,0.0,,21,8,0,
dodo,0.475755,130293376.04704097,127283,18627.0,1288,7,0.0,94769.0,0,0,0,
contentos,0.01412795,48554306.05432595,38737,8038.0,0,0,0.0,342611.0,0,0,0,
impossible-decentralized-incubator-access,0.641614,38161253.87978488,250266,112578.0,0,0,0.0,,0,0,0,
certik,1.39,95076526.3614449,2522,26517.0,0,0,0.0,292384.0,0,0,0,
alpha-quark-token,2.49,63060981.24542476,12295,13949.0,0,0,0.0,2091359.0,0,0,0,
litentry,1.42,44222480.04032161,68119,11924.0,0,0,0.0,,0,0,0,
monacoin,1.01,,2778,,2810,19,0.091,1464985.0,317,91,0,
vvs-finance,2.744e-05,155827242.7483461,63733,18568.0,0,0,0.0,,0,0,0,
presearch,0.23644,93897686.00557046,33131,13600.0,3140,6,0.333,301873.0,38,8,0,
defi-land,0.073394,43177327.89859954,94630,25392.0,0,0,0.0,,0,0,0,
streamr,0.073612,,73160,4317.0,4839,135,0.0,,35,3,88,
apeswap-finance,0.636536,58641297.856007524,247516,40001.0,0,0,0.0,,0,0,0,
asch,0.105933,12823204.481719164,3030,491.0,10922,10,0.0,3565839.0,490,70,0,
sentinel,0.0088964,56679894.574145645,36195,7450.0,1181,9,0.0,,0,0,0,
mainframe,0.00591024,55573071.91501742,38526,5871.0,3930,8,0.125,400883.0,0,0,0,
travala,1.13,59131020.71174056,148948,10432.0,11034,12,0.182,100722.0,6,2,0,
vegaprotocol,6.24,64148761.45310126,25907,8096.0,0,0,0.0,,0,0,0,
bread,0.244278,20972352.01066875,1135,34820.0,0,0,0.0,0.0,249,31,0,
mobius,0.052753,27186082.978585023,11162,2699.0,1220,11,0.0,2543472.0,9,15,0,
tranchess,0.875375,52712633.43075435,29502,10285.0,0,0,0.0,,40,8,22,
ethereum-swarm,1.94,128468331.9869756,23527,,1821,8,0.0,,0,0,0,
oxygen,0.444075,90066516.47860308,29466,,0,0,0.0,,0,0,0,
liquity,3.1,49023363.01191655,25453,,414,5,0.0,,0,0,0,
elitium,2.65,,4920,1749.0,0,0,0.0,496681.0,0,0,0,
marinade,92.45,600411315.0518346,25598,,0,0,0.0,,0,0,0,
barnbridge,10.22,61202230.6398808,28213,,0,0,0.0,151058.0,0,0,0,
wrapped-nxm,34.76,88815304.2190781,38716,,0,0,0.0,73532.0,0,0,0,
nuls,0.37255,35988111.066762954,83089,13149.0,5576,112,0.0,393845.0,88,20,0,
cvault-finance,12301.86,122921298.2093472,8090,5125.0,0,0,0.0,90537.0,0,0,0,
hunt,0.571495,62492897.34230419,15927,1259.0,7244,7,0.0,0.0,3,4,0,
carry,0.0065522,57846364.24310067,25518,5815.0,0,0,0.0,3253608.0,3,4,0,
district0x,0.079586,59898791.508875825,73936,,10356,126,0.2,346319.0,87,13,0,
newyork-exchange,6.39,,320,381.0,0,0,0.0,75033.0,0,0,0,
ramp,0.100425,41033844.43824335,44536,16960.0,0,0,0.0,407743.0,0,0,0,
lgcy-network,0.00275023,33922595.47822359,27508,4578.0,0,0,0.0,494723.0,0,0,0,
quickswap,176.07,63603662.30742067,67232,18630.0,4734,13,0.667,,0,0,0,
bluzelle,0.12315,40094597.2962366,77746,12027.0,0,0,0.0,240877.0,223,54,0,
epic-cash,1.52,20739252.21981004,2066,1921.0,2603,9,0.111,1819175.0,0,0,0,
dad,0.146757,,6762,7972.0,0,0,0.0,2880605.0,0,0,0,
aleph-im,0.496009,60838318.68640661,30106,6030.0,466,8,0.0,520912.0,6,6,2,
keeperdao,102.38,82701699.63370329,25901,,0,0,0.0,0.0,0,0,0,
fox-token,0.311748,66805300.99178485,111243,2324.0,0,0,0.0,49241.0,0,0,0,
fusion,0.571837,40394208.9642066,25329,7200.0,1601,120,0.0,986190.0,0,0,0,
waltonchain,0.490417,14377909.466773018,67594,,20372,115,0.0,748902.0,0,0,0,
aion,0.083708,42189177.61927271,1141,15332.0,74057,128,0.0,690997.0,338,88,0,
rai,3.05,63299713.41831514,17391,,0,0,0.0,,0,0,0,
dia,0.934255,56344256.14631913,50634,8181.0,473,10,0.0,160467.0,0,0,0,
tellor,18.98,44336922.579950444,27194,5208.0,0,0,0.0,262414.0,0,0,0,
domraider,0.00109926,1148953.3377381258,7412,,0,0,0.0,0.0,14,11,0,
epik-prime,0.140832,32961697.679783706,40014,12570.0,0,0,0.0,,0,0,0,
